{"accuracy": [0.45240920782089233, 0.766875684261322, 0.8582161068916321, 0.9006947875022888, 0.9221318364143372], "loss": [1.8955435752868652, 0.7511731386184692, 0.45181459188461304, 0.3049567639827728, 0.23638692498207092], "val_accuracy": [0.7502276301383972, 0.8155019283294678, 0.8740041255950928, 0.8928977847099304, 0.9127589464187622], "val_loss": [0.8503806591033936, 0.5941414833068848, 0.3901916444301605, 0.33081144094467163, 0.2737553119659424]}